first_name,last_name,name,job,email,username,password
Xhj,Tto,Xhj Tto,hfiasjzqzh,tixmvsddoi@aol.com,sfzlooa,y)RFn5G5k<)w_>OvcElv)
Nebxuw,Dysne,Nebxuw Dysne,xiiuchhixl,hinoxg@gmail.com,xmspc,Xz5Jah)z4kP%HsAD5@gP@upVOceqpja
Zemdcpx,Eswx,Zemdcpx Eswx,jwiiliqjpu,czcgilbbsx@aol.com,vjtmuw,Lhn^8O1C6MR@I7!2t?LuoYT?m
Lewxara,Csppzf,Lewxara Csppzf,ryyfiwupgv,ymtknkoo@mail.kz,bevzzlk,n$>k0l$eG<8G(<NBjdv
Gxrn,Crrdp,Gxrn Crrdp,xztmmgakng,yhaeeu@mail.com,lkkb_i,Vf<EP)fIF(tW9t7?vUOkTh
Zrtbabw,Dgsqqlp,Zrtbabw Dgsqqlp,qdfamyahag,dunkqbs@aol.com,ynjkwj,3bv?aFQjmCc3g4U18$OnEo2f_e$DH
Dkuu,Qvv,Dkuu Qvv,vcpfayqris,hgyrsmlbm@aol.com,yzqrbn,3jA8TF>dv6f<lFGKZvj
Dtpzhix,Yeadt,Dtpzhix Yeadt,bpfwfhkvzk,arcydz@gmail.com,e_bgd,GeX%i#DnrUnqAL5<55i
Gqajc,Erjcc,Gqajc Erjcc,tlzuvcvpsn,sebkuvmah@yahoo.com,hvtpdk,c(WeoMiPss(AGzinlFv>*Jd@Cayc5hfKFQ
Jfv,Rnlsnig,Jfv Rnlsnig,mxhzpjbhee,atrus@yahoo.com,geok_gb,j#8a<pqvSgeRmi7etzb^cPG^
Hku,Jvn,Hku Jvn,tyzlsbhyet,prfzcyajf@mail.kz,jjitubi,YONcUgq>P!6koC(YRTYoza4s*K
Hqfqw,Nwnm,Hqfqw Nwnm,gwzvonjnxp,omajqlzlok@aol.com,ydoena,FC2(TO?<44(5vYRgjVQOfD
Gbpxj,Hcmkwov,Gbpxj Hcmkwov,ylbesszsjb,acfus@cisco.com,cuymt,>E?5T>^5A?fQ<!YR#n&2QrUcu9iu1c
Tzoea,Ohffhna,Tzoea Ohffhna,mmfgnatkvz,cunwtdyco@gmail.com,oguos,M#LziYfZc?3RIXBk2X
Ijqntc,Skcudhv,Ijqntc Skcudhv,jusfoyylew,ovrsobtds@aol.com,hkmifsi,KN@q&92_BF%pfhSR^d%
Mcp,Xbc,Mcp Xbc,gszphaxxgm,wunzdhjpau@hotmail.com,r_dbbo,F0B&M<v@*C7j_<wei1K!gu3Z
Czjgbvg,Ceflo,Czjgbvg Ceflo,bfgmcdwjje,fmbpzel@gmail.com,xhalcql,77t&ux8khQ@vcF_67Lni
Buusp,Got,Buusp Got,cuzatkszfr,xnqeywpop@mail.kz,arywy,O!bdMd*b_V6wT#Zr<W83m5WnTvIV^
Lwl,Xnnd,Lwl Xnnd,zrfzxhijma,bcneibv@gmail.com,jazol,dlPGj#y$>F$pX
Ewzlb,Goeia,Ewzlb Goeia,jeuyqlkypc,vjeneu@hotmail.com,txpgzcq,qlwtyYgfb(C>P<?<e<E
Bgjsrz,Kor,Bgjsrz Kor,csbnbdbijo,vkmzyfzm@aol.com,c_jzmsp,La%vs?OiqPRG1x)A>ih&T%P
Szko,Oxnjzu,Szko Oxnjzu,cajlftwocm,weabvrditi@yahoo.com,bhvkypz,LBJ0B$>s?m_mzFBaT
Smfq,Mpkk,Smfq Mpkk,dcecyrkwfo,hhjinsp@yahoo.com,yjml_sl,3Elq6%5A5jtA!7*q!luB
Mqpvi,Abdwsml,Mqpvi Abdwsml,hcfgjmwguy,shsmk@aol.com,iuctvg,x@TPi(Gr>23Z
Vfluuf,Lekz,Vfluuf Lekz,thxrdfsffy,gkquoy@aol.com,gpgulp,K2<K@@Z?%1X5Y?
Jxgdq,Mzbzl,Jxgdq Mzbzl,drjlattens,tnwstwsken@yahoo.com,qsbqm,0Jhti%oFnmetEUA!fh(
Khgy,Gqpbfxr,Khgy Gqpbfxr,qyfmwcogkf,mfjzonoli@mail.com,_xpvi,el2GVe8EyedoQHPFT6U?G89PVDzC
Ragj,Zrjm,Ragj Zrjm,czswkwzhwf,zejgnvx@hotmail.com,f_irz,Ps*P6Zi$U&mcWZd9
Tmwd,Ztk,Tmwd Ztk,rcvvycorwn,ltozarny@cisco.com,tvlhz,GUNWxYbYXE8Hc^Vt#m@g)y^BFaE
Ovlim,Ecoioe,Ovlim Ecoioe,xabsknlvjy,ugeqwsxaw@mail.kz,wwsih,Y^tCN?*hX
Jbrmax,Jyzlown,Jbrmax Jyzlown,hvexlbxgqj,mwibxuzjj@gmail.com,wncjia,?lJB%^0Ow%*jF2L!SmP&#uGV)
Ckcg,Lwanb,Ckcg Lwanb,pytjzbstbj,xigiln@gmail.com,wajlx,YI9*w@DrF&r
Brgqo,Yhu,Brgqo Yhu,jffbbkpbgx,mkhikydio@cisco.com,wpgtnx,vnH?eIBrRB6>jD2^*2%Z
Nchvmq,Bizbo,Nchvmq Bizbo,sgagpfrtbr,hfznul@mail.kz,vvijtby,yJj5wvA^iCK>b(l0s?9
Drynb,Clqgn,Drynb Clqgn,hnhstethda,lxwmlc@cisco.com,vnl_mgt,kh0&lE28nZV3aKKW@SVi%aM>SWHM
Tmhropm,Pjmdiy,Tmhropm Pjmdiy,qkspdwvydq,prikmx@aol.com,zqgvam,g65)!79G(C203q>
Qxok,Lvb,Qxok Lvb,cnpjnyxwnv,dvijj@mail.com,nqrbeh,(RPRO*hvbva6inXgc6%qIr
Bik,Vvjdd,Bik Vvjdd,urknfmcqyu,ckfgal@hotmail.com,lz_imh,?Qh@LjQYL5>iSgD
Tpc,Ruygvk,Tpc Ruygvk,yqildwvbvv,yonulnos@gmail.com,qofm_q,pA3>yZn*teb<Plxf2cnT7SLB
Hxwuhfr,Nvtj,Hxwuhfr Nvtj,frpkouwapg,vwooqil@mail.com,mkazny,OMnXihxsjF5onPgT*gE8Q2ncFhz
Cxgk,Jzr,Cxgk Jzr,fzvmhhipgj,xnridie@yahoo.com,wyv_v,aCAKCL@x&*Q2ndq
Clluyqg,Jhhjaa,Clluyqg Jhhjaa,zetqpocodf,qswjmm@cisco.com,auonzkb,rh?jDn#?&7fb*V5JR1mw?1&heQ
Tvwwxq,Ift,Tvwwxq Ift,ewypgswogx,luyxptm@mail.kz,zklrg_i,4j9mea6ffs?9v3Kj*b>I
Wafjfy,Gdy,Wafjfy Gdy,jjqemfxfro,ikzsblfh@aol.com,ezjltp,AHTAc2@MGBDtydyIp?uICF?O8m3$
Uwiqze,Nxy,Uwiqze Nxy,nskienkiki,kgdnfzegrc@hotmail.com,vmvbt,(vJ$8HN#2V(DTIH*bN^aZ>
Toj,Evr,Toj Evr,tenwzoyjsv,rtcyqfi@mail.com,oiohy,fiZrDt^%3po4D4TIyyU
Sdk,Hrkpfa,Sdk Hrkpfa,vcowrtanuf,ewpobe@yahoo.com,xvuih_d,1S&?f(>ix>oQfd
Ahcx,Gmsxvb,Ahcx Gmsxvb,lxaihcndae,cipnoy@aol.com,nedhxo,EKv4iioD49Ob537g1Nvp$BiBS?&Z
Mhn,Ztvaccl,Mhn Ztvaccl,zivenlhcps,vxcsjtvnod@aol.com,qdxzn,0T&xMRHCxDfe#v(%p9s
Wpehja,Srks,Wpehja Srks,aqqvklheyj,bkawt@mail.kz,ygi_klb,3qUh8lIp*Ie645%7RMg
Kmlidx,Uhd,Kmlidx Uhd,rquipejzjf,xfjjozjxc@hotmail.com,hofqbxe,mLR*^Uy>?g!I24F
Oevxc,Ouyk,Oevxc Ouyk,opkfymoglk,ffivcxrtl@mail.kz,glpzw,sfvVSN@!G2nA#_CAFz##
Vvigva,Uenwi,Vvigva Uenwi,mjagbfybqp,apnme@cisco.com,lamps,p3D5m(u$Q
Jzsc,Vayphvo,Jzsc Vayphvo,wbukfxouzy,tjsvfohxca@mail.kz,igfksd,bB26*OAB_%UPYR5S5
Weoso,Xyd,Weoso Xyd,igqesrbpav,vggdo@mail.kz,yuhfvz_,O_?W&3<y?&zj
Ytyjyvq,Lgmixed,Ytyjyvq Lgmixed,tzjmoicgik,xjtbyv@cisco.com,w_wmwuf,691seFWc2(BN6cNFjF)*i78?yDf0MFy
Utc,Lze,Utc Lze,epvefjimdf,siqqkz@gmail.com,w_fyj,6(15uJK)t29
Olirho,Iemil,Olirho Iemil,vzrgqpcyzb,xargqlr@cisco.com,f_id_,3mk1D>%dMuw7u
Kqsiee,Uqik,Kqsiee Uqik,ktmtstzqwr,xptbythy@gmail.com,jcsek,3wo!j*vAS^DAL7u>o9TT$YzZV7Yh
Vtux,Nkuq,Vtux Nkuq,zczpuweuvq,zyowlcecwb@hotmail.com,gv_nnsw,7>(^ag&N6Af